,bigram,chi-sq
0,"('www', 'youtube')",44923.47872199117
1,"('it', 'is')",35081.59197677265
2,"('leagueoflegends', 'comment')",34946.40976539805
3,"('youtube', 'com')",32311.421244348774
4,"('you', 'are')",29400.636566969275
5,"('do', 'not')",23074.281275876656
6,"('lol', 'gamepedia')",19612.68333338939
7,"('www', 'reddit')",17366.283443132383
8,"('com', 'leagueoflegends')",13998.065703968552
9,"('reddit', 'com')",13355.970318167363
10,"('does', 'not')",12130.435938133529
11,"('that', 'is')",12121.78043092032
12,"('he', 'is')",11947.480735519484
13,"('gamepedia', 'com')",10426.916573492732
14,"('did', 'not')",10284.60282012626
15,"('they', 'are')",8931.6866224055
16,"('let', 'us')",7994.460735655366
17,"('visual', 'clarity')",5765.547660989261
18,"('was', 'not')",5675.095111583012
19,"('auto', 'attack')",5621.641619690844
20,"('there', 'is')",4383.268434574851
21,"('make', 'sense')",3783.6497756890058
22,"('every', 'single')",3387.4471171678656
23,"('should', 'not')",2912.86508069388
24,"('increase', 'damage')",2800.87745628224
25,"('http', 'www')",2500.966928320668
26,"('year', 'old')",2468.605424907235
27,"('feel', 'like')",2235.6945545235217
28,"('you', 'will')",2064.5213195812075
29,"('last', 'year')",1790.4768076708237
30,"('what', 'is')",1765.4672473012758
31,"('offhand', 'weapon')",1712.64376879958
32,"('leave', 'tsm')",1705.2246068592526
33,"('pretty', 'much')",1612.893436614307
34,"('cannot', 'tell')",1542.1344780852278
35,"('pro', 'player')",1535.8832989016757
36,"('sound', 'like')",1495.6714771307197
37,"('seem', 'like')",1459.0482617779548
38,"('look', 'like')",1255.816698280914
39,"('dont', 'know')",921.5277106766761
40,"('enemy', 'team')",777.9218715889593
41,"('will', 'not')",661.354586851769
42,"('new', 'champ')",585.1892923860956
43,"('game', 'design')",569.5016348398116
44,"('is', 'not')",563.289781636489
45,"('dont', 'think')",388.7601258158309
46,"('not', 'know')",378.942720029713
47,"('play', 'around')",377.93816295815844
48,"('are', 'not')",373.5283779459065
49,"('pro', 'play')",367.1249240969971
50,"('have', 'not')",340.42807316596696
51,"('could', 'not')",276.5544077156304
52,"('every', 'game')",269.6402337766459
53,"('not', 'even')",254.2213458121187
54,"('not', 'think')",225.03571038584622
55,"('play', 'well')",203.3660024574124
56,"('never', 'play')",159.58700554077853
57,"('get', 'hit')",147.62848003769417
58,"('would', 'not')",138.51636324641123
59,"('still', 'get')",104.5062552030643
60,"('play', 'game')",87.72346761802544
61,"('not', 'get')",61.60651898300851
62,"('play', 'aphelios')",54.086433134336204
63,"('not', 'play')",30.79032739175111
64,"('game', 'play')",26.591685173069454
65,"('is', 'like')",20.22245638003939
