,bigram,PMI
0,"('lol', 'gamepedia')",8.7384508455631
1,"('leagueoflegends', 'comment')",8.720021920651085
2,"('let', 'us')",8.32696400149405
3,"('www', 'youtube')",8.228441327871543
4,"('you', 'are')",8.053244490831176
5,"('visual', 'clarity')",7.9163948741590655
6,"('gamepedia', 'com')",7.829949200048597
7,"('they', 'are')",7.775284224450214
8,"('youtube', 'com')",7.754987142367378
9,"('www', 'reddit')",7.648314798440964
10,"('com', 'leagueoflegends')",7.389376608662618
11,"('auto', 'attack')",7.3404971399717045
12,"('reddit', 'com')",7.223770213417746
13,"('every', 'single')",7.0979384878251555
14,"('http', 'www')",6.914361094806864
15,"('year', 'old')",6.829949200048597
16,"('make', 'sense')",6.733087660796009
17,"('increase', 'damage')",6.566914794214801
18,"('you', 'will')",6.514457375291451
19,"('does', 'not')",6.278286708483623
20,"('should', 'not')",6.27828670848362
21,"('was', 'not')",6.27828670848362
22,"('did', 'not')",6.278286708483616
23,"('do', 'not')",6.273501645918245
24,"('leave', 'tsm')",6.243618331434405
25,"('last', 'year')",6.140219961989505
26,"('offhand', 'weapon')",6.132471895763366
27,"('cannot', 'tell')",6.10332555010385
28,"('what', 'is')",6.0523416213850485
29,"('that', 'is')",6.052341621385043
30,"('there', 'is')",6.052341621385043
31,"('it', 'is')",6.038995596137312
32,"('pretty', 'much')",5.9407658416474405
33,"('he', 'is')",5.915490753172538
34,"('pro', 'player')",5.870591184545944
35,"('sound', 'like')",5.77658661696826
36,"('feel', 'like')",5.347945815889592
37,"('seem', 'like')",5.283780259432415
38,"('dont', 'know')",5.020061154728694
39,"('enemy', 'team')",4.934169575887047
40,"('new', 'champ')",4.888898265718643
41,"('will', 'not')",4.440037778480232
42,"('dont', 'think')",4.4085655835612805
43,"('look', 'like')",4.39228171424088
44,"('pro', 'play')",4.327827768265095
45,"('game', 'design')",4.287815544970059
46,"('play', 'around')",4.128518960041685
47,"('have', 'not')",4.046961162377162
48,"('are', 'not')",3.7079709837268666
49,"('every', 'game')",3.603775230808278
50,"('could', 'not')",3.4572568495289353
51,"('never', 'play')",3.288299404078458
52,"('not', 'know')",3.1991679913660143
53,"('play', 'well')",3.1365652443728145
54,"('get', 'hit')",3.087344475984583
55,"('not', 'even')",2.939679872449627
56,"('not', 'think')",2.8577615835663437
57,"('is', 'not')",2.822607224707429
58,"('still', 'get')",2.7561901614311033
59,"('would', 'not')",2.5127519621206424
60,"('play', 'game')",2.0762890012691315
61,"('play', 'aphelios')",2.0623666250367627
62,"('not', 'get')",1.7547247524266076
63,"('game', 'play')",1.4705679403811764
64,"('not', 'play')",1.411753850491241
65,"('is', 'like')",1.1980503854065354
