,doc_no,score,msg
0,549,1.0,TSM strats
1,1425,1.0,TSM is cancer
2,1629,0.75185227394104,TSM also had Johnson in academy.
3,1488,0.7335054874420166,tsm and tsm fans bad upvote me now
4,1456,0.6920440793037415,TSM is Manchester United at this point.
5,1676,0.652978777885437,When players regularly play well both before and after being on TSM but then look noticeably worse on TSM that's a trend that indicates some kind of problem unique to TSM.
6,1389,0.5110751986503601,"TSM culture isn't the problem, the problem is every player that joins TSM that isn't Bjerg!"
7,1453,0.49494850635528564,"just something to think about: 

>One other thing I want to say is that I think people should stop s******g on TSM just because C9 is doing well. I did my fair part of blaming TSM, but a lot of TSM's failures in these past two years were my fault as well. It's not like it was only everyone else's fault just because I am playing well right now.
 

>All I'm trying to say is: Don't get on TSM just because I'm doing well. On my twitter posts, I see people making TSM jokes, and when I was on TSM, I hated that people would make fun of us at any and all opportunities. Regardless of whether you are a TSM fan or not, don't come to my twitter or any of my profiles to make fun of them just because I'm doing well. You can say 'congratulations' without flaming TSM."
8,1787,0.47909408807754517,"Well Amazing did go to quarters on TSM, left TSM and got to semis.

WildTurtle is a bit of an oddball, because i thought he always had the right playstyle for TSM but he wasn't an amazing player, also Turtle is from NA, this thing seems to be more true for non-NA players. Amazing and Zven both had the best year after leaving TSM. For Santorin it is a bit different, since he wasn't actually on a real team after leaving TSM so he wasted that bonus basically.

And the reason why Zven was bad is obviously TSM. They never play to their superstars. If you get that super botlane from EU you have to play the style they want. You can't play your usual Bjergsen does something and maybe we win style. And honestly one of the reasons TSM is so bad is because they stagnate mostly while other teams make leap after leap forward."
9,1404,0.4711056351661682,the leaving TSM effect
10,1563,0.45916658639907837,"Itâ€™s definitely a TSM debuff more than a C9 buff, Zven was also this dominant before he joined TSM"
11,1803,0.4420183002948761,"> Sven had 2 great seasons with C9 before this one after he was determined to be the problem on TSM.

More like 1 1/2, people always choose to ignore that he was hard inting in Spring 2018 which got so bad that he literally got benched for a while. And now hes playing terrible again. Might not just be TSM whats the problem here.

> Biofrost outperformed TSM on CLG last year.

According to who? Biofrost was Top 3 on TSM, Biofrost was Top 3 on CLG, Biofrost has been playing very well since his return. I dont really see that as outperforming but if youre trying to fit a narrative i guess it works.

> Mithy made it to LEC finals the first split after leaving.

That is the only one on your list where i agree, Mithy played alot better post TSM than he did on TSM, but tbf on OG he didnt have to teach his jungler how to play the game while playing support himself.


> Santorin, Wildturtle, Amazing and the former mentioned all have better seasons in other team

Lmao excuse me? How did Turtle NOT peak in TSM? You unironically think he has been better on FLY or IMT than he was in  2014 for TSM? You started watching league 2 years ago i guess?

Similiary, Santorin was REALLY good in Spring 2015 and actually helped TSM to an international tournament win. He fell off a cliff in Summer 2015 and stayed that way for quite a while, one can argue that hes better now than he was back then but even here i wouldnt say its obvious by any means.

And Amazing only played a single split for TSM before he got homesick and he did pretty fine in that split considering the circumstances, yea he arguably played better in 2015 but his Team was also better."
12,1715,0.44136354327201843,"Sven had 2 great seasons with C9 before this one after he was determined to be the problem on TSM.

Biofrost outperformed TSM on CLG last year.

DL hasn't lost a split since he got kicked from TSM.

Mithy made it to LEC finals the first split after leaving.

EDIT: And to elaborate, it's not as much about the players having great seasons, as it is that players on TSM almost never seem to have their best season on TSM. Santorin, Wildturtle, Amazing and the former mentioned all have better seasons in other teams. There's only Hauntzer and Bjergsen in recent memory and one of them has never left TSM."
13,1433,0.43503904342651367,"Itâ€™s almost as if TSM takes great players, forces them to play around their style -killing the playerâ€™s identity, then spits them out for other teams to pick them up and let them perform the way they performed to make TSM want them in the first place.

See all TSM junglers and ADCs."
14,1465,0.43433254957199097,TSM is TSMs problem
15,1784,0.413887083530426,"Not in TSM, apparently."
16,1590,0.4035903513431549,"It was more a testament to players who leave TSM for C9 reaching new (or existing) heights.

Agree the TSM effect does bring down the overall quality of any player."
17,1445,0.4028003215789795,"WELL YES OFCOURSE HE HAS NOW THAT HE'S NOT ON TSM ANYMORE.

So fucking dumb, where was this Zven in TSM huh? Time to deliver now Zven is it?"
18,1472,0.40238842368125916,TSM will just never admit that bjergy is the problem
19,1719,0.4015492796897888,"Stop that, he could only suck on TSM"
20,1633,0.3990113139152527,It was mainly TSM fans needing someone to scapegoat but now that Zven isn't on TSM anymore those people can't really say anything. I don't get your point.
21,1455,0.39762839674949646,More like TSM was Zven's problem.
22,1568,0.3963738977909088,"People list Svenskeren as someone ""held down by TSM"" when he was VASTLY more successful on TSM than he ever was on C9 (or any other team he's been part of for that matter)"
23,1589,0.3571968972682953,"Zven wasnt even bad on tsm tho? Sure, it's easy to point out the flashy misplays but overall he was pretty consistently good on tsm. The entire last split the whole team was in turmoil but are we forgetting zven and tsm did make it to finals...? Sure they lost but it's not like they were garbage the whole time."
24,1625,0.356731116771698,Imagine the storyline when tsm is at msi this year
25,1442,0.35486263036727905,"TSM fans ""They were never the best in the west, just here for the paycheck lol"". While I agree that Zven and Mithy sometimes just straight up ran it down, there has to be a reason for that. How did cloud 9 manage to turn him around? Did they turn him around or are there other reasons for his comeback? And why wasn't TSM able to do this too? These are the questions TSM fans should ask themselves and their staff"
26,1869,0.35052594542503357,"Yes he made that crucial mistake, but there wasn't really a way to win that for TSM either way. They again had an early lead and did nothing with it.

Kaisa, Vlad, Skarner and Braum outscale anyway, so TSM lost that game the same way the lost that game to IMT, Zvens death only made it less painful to watch.

Yes TSM had Akali but it isn't as if Brokenblade would win a 1vs4 with it, so that was the only champ they had that scales well. Reksai just blows up. That game basically went into a massive stalemate and that makes TSM lose. 

And honestly it must be super frustrating to be in such a game."
27,1486,0.34830227494239807,Imagine what C9 would unlock in Bjergsen if he were to leave TSM...
28,1417,0.3468031585216522,Itâ€™s funny how much happier Zven and Sven look in their headshots after leaving TSM for C9.
29,1789,0.3465987741947174,"That is true, and tbf we saw Sven being a god on TSM at times it just seemed like he slowly got worse there and slowly got better at C9, while Zven had an immediate drop between G2 and TSM and an immediate jump between TSM and C9, so it's different this time but it does still feel weird."
30,274,0.34541329741477966,[SSW vs TSM 2014 Worlds Quarterfinals](https://www.reddit.com/r/leagueoflegends/comments/2i6ho7/spoiler_samsung_white_vs_team_solomid_2014_world/)
31,1947,0.34456732869148254,"I mean he did play well on TSM, they did win those splits, but to be fair I think competition in NA was also lacking most of the time. So the issue with TSM is that they couldn't keep up with the improvement other teams made. 

And TSM and C9 are basically on the opposite side of things. Both teams had many different players over the last years, and while C9 consistently ""lost"" offseason and usually gave away good players they always made the players they got in return work. And TSM on the other hand made many big moves and they never worked. It is a more recent issue though that basically started with Zven and Mithy and that team also had MikeYeung.

TSM basically struggles to find an identity and since many player said it isn't Bjergsen, it likely has to do with the staff. Because I honestly think Bjergsen is good enough to play whatever you tell him to play."
32,1851,0.3347560167312622,"You lose some you win one.

Here adapted for TSM."
33,1717,0.3332292139530182,"Doublelift.

Also, Sven got an MVP award after leaving TSM (he's played poorly atm, but he still rebounced super hard after leaving TSM) and Amazing went to Semis at Worlds with a very solid personal performance (he was never a big carry anyway, more of a teamfighter/enabler).

Not that I necessarily agree with the ""TSM is the problem"" narrative, just thought I'd chime in with a few examples."
34,1520,0.32908356189727783,"He has played 4 games while being on the best team. It is far too early to be making claims like ""he has turned it around"". You know when zven poor positioning really showed its cracks? In playoffs where he failed to dodge  thresh hooks and positioned poorly near baron pit, and that was not TSM coachings fault. Let's wait until he does work there before we claim TSM was the issue. This happens every time TSM drops someone, aside from DL no one dropped has won domestically like they did with TSM. It is too early to see where zven will go even if he is having a incredible split so far."
35,1634,0.3252904415130615,"Copying my comment from yesterday: 

> DL did great but wasn't kicked for performance.
> 
> Sven did well after an adjustment period and did great.
> 
> Zven has looked great the first 2 weeks.
> 
> But lets just go through the players from the past few years:
> 
> Akaadian: On Academy right now
> 
> Grig: Doing about the same as he did on TSM. Not throwing games, doing well at objectives
> 
> Smoothie: Doing poorly right now
> 
> Mithy: Had a good split, then a bad split, and retired from being a player
> 
> MY: Stuck in Academy
> 
> Biofrost: Did well on CLG, but certainly didn't tear up the league. His high point was on TSM
> 
> WildTurtle: Did well on IMT and then has hovered around a tier two player since. High point was on TSM
> 
> YellOwStaR: Did poorly on TSM and then poorly back in EU and retired as a player
> 
> Santorin: Struggled a lot for about two years and now looks to be at a decent place, career high on TSM.
> 
> Amazing: Choose to leave on his own, did great on OG, then struggled, had a slight regeneracy, and now is a coach
> 
> The majority of players that have left/kicked did not go on to do better after TSM. Only Amazing, Sven, and DL did. Zven is too early to tell. But looks promising so far.

Edit: Forgot Hauntzer somehow. Had good individual performance, but his best play and career high was on TSM"
36,1483,0.3240063190460205,Good luck with that equation now that Bjerg has ownership stakes in TSM.
37,1478,0.3199281394481659,At this point I believe TSM actually gives you debuff when you join them.
38,1710,0.31854408979415894,"I'm pretty sure most TSM fans were actually more supportive of Zven than anyone else, have you ever been to the TSM subreddit? All I remember was the main subreddit shitting on Zven for anything and everything, then suddenly he moves to a different team and everyone loves him. That's my point. I'm just tired of TSM being the scapegoat for everything that goes wrong in the galaxy. It's ridiculous how we get blamed or jabbed at in threads that don't even have any relevance towards us."
39,1692,0.31466978788375854,"What intimate details?

Bjergsen was bullied BAD. It's well-documented and comes straight from himself: https://m.facebook.com/story.php?story_fbid=676609642362402&id=485525748137460&sfnsn=mo

As for what people praise about him it only takes listening to Parth or Loco talk about him in one of the many long-form interviews/shows to get a sense of how superficially he's the PERFECT player. The perfect teammate. Everything a coach could ask for. Yet every other player TSM places around him always crumbles and can't perform.

This is not unrelated. The fandom or staff's belief that Bjergsen can do no wrong is not random trivia. It contributes to the workplace environment whether intentional or not.

Bjergsen is the consistent performer on TSM. Everyone else underperforms.

Even TSM fans now say something is wrong with TSM as an org instead of putting Bjergsen through more scrutiny.

Now instead of reconsidering their mid position, they offer Bjergsen unprecedented pro player career stability in partial team ownership. People think the Huni contract is overkill? Even Faker would never get Bjergsen's level of special treatment by his org: he had to share the stage with another mid remember?

TSM is gonna get worse before it gets better. This will exacerbate the problem, not solve it. Dardoch thought Loco gave Piglet special treatment on TL... Boy he's in for a ride with TSM now.

Bjergsen is inscrutable within TSM and that didn't happen by accident. If he was really hungry for the win/recognition as a pro player on the world stage he would've voluntarily switched teams or even tried going back to EU to prove himself. He knows he'd be dumb to give up what he has at TSM. It's not loyalty. The chances of getting another org wrapped around a player's finger to this extent are slim to none."
40,1949,0.3129744231700897,"Turtle was a beast at season 3 worlds. You can argue Santorins best split was 2015 spring. Amazing was very good on TSM 2014. The skill difference between then and 2015 Origin was negligible and doesnt fit the narrative of players playing better because they left TSM. Ill agree for players like Yellowstar, Zven, Mithy, but turtle, santorin, amazing? Some if not their best years were on TSM"
41,1539,0.3114011585712433,"But it doesnâ€™t look good for TSM when those slumps are always when the players are on their team, and they immediately get out of the slump after."
42,1623,0.3042413294315338,TSM new CLG curse?
43,1464,0.30056992173194885,"How quickly we forget how many mistakes he made while on TSM. Idk if he was the problem or not, but let's not act like he was smashing. He could've just not been a good fit. The TSM boner around here is incredible even when they've been middle of the pack for the past 2 years"
44,1711,0.2873154878616333,"Santorin almost won mvp last year, his high was not on Tsm"
45,1427,0.28709402680397034,Not getting hindered by constant shitty TSM drafts is going to help any player succeed.
46,1624,0.2863692343235016,But Dl had 2 titles on tsm and 3 if he played spring. Sorry but this isnt like tsm didnt have auccess with DL LMAO.  Its 2 weeks in for zven i cant wait for u guys to change ur minds when they have a bad week
47,1753,0.28591784834861755,"But honestly, the last good moment in TSM was 2017. So for 2 years now they are bad. And I think Mithy back in EU did actually talk about his time on TSM and that he wasn't allowed to play like he wanted, he basically had to play like the team did and wondered why they would get such players if they don't use their strengths.

So if people go back to EU they are more open to talk freely about that and he explicitly blamed TSM coaching, not really Bjerg (because a coach could still order him to play like he wants). I think it was an interview in spanish though."
48,1782,0.2849222719669342,Even that jin air team had a better idea of how to play league than tsm.
49,1487,0.2839730679988861,"What's funny is that an an active reader and particepent on the tsm subreddit there was nothing but love when Zven left. The consensus was that he was a great player but his run with TSM never really panned out. There are fans who are shitty sure, but most upvotes comments in match threads etc never shit on his ability to play."
50,1642,0.28260791301727295,"but it clearly isn't a case of a player just not being good enough. he's obviously good enough, and just didn't work on TSM, as the guy above says. unfortunately that seems to happen a lot. TSM has had all the good players it should need to do well, but doesn't, for unknown reasons."
51,1452,0.2822043001651764,It will be even funnier if the exact same thing will happen to Kobbe in TSM after a great season in EU.
52,1618,0.28103339672088623,"maybe thats why Kobbe joined, he was thinking he has to sandbag in TSM for a bit then go ultra instinct after"
53,1458,0.27902090549468994,"People love to hate on TSM in any thread, huh."
54,1515,0.2781781554222107,"Also if you watch the video Bjergsen saying they have had failures literally started with a shot of him and BB.

People are just looking for reasons to hate on TSM with this.

If you want to argue that TSM ruined Zven whatever, I think he is playing great right now so I get why people will make that statement. But that screenshot is misleading bullshit."
55,1866,0.27704647183418274,"> Besides Zven, what TSM player had a great season after leaving?

That was your exact question. Doublelift definitely fits the bill and is an obvious answer.

I would also argue that he has been better since he left TSM than he was with them on average, though the difference is small and definitely arguable.

You probably wanted to ask for the names of players that played poorly on TSM and played better after they left, but thatâ€™s not the question you asked.

Anyway as I said, Amazing and Sven are other answers."
56,273,0.2767965495586395,[TSM vs C9 2014 LCS Finals](https://www.reddit.com/r/leagueoflegends/comments/2f7oog/spoiler_cloud_9_vs_team_solomid_na_lcs_final/)
57,1612,0.27327725291252136,"Zven also played fine on TSM he just had blunders everyone else on the team had, they just didn't mesh well and that's it."
58,1559,0.27262642979621887,Imagine if Bjergsen would become unshackled from the TSM debuff and joined C9. He would be unstopable.
59,1852,0.2715011537075043,"Yeah but we are talking about ""split after leaving TSM"". Svenskeren is also doing badly"
60,1595,0.26985275745391846,"Forreal. Like Kobbe is still playing really well on TSM, but there is no cohesion with the team/drafts making no sense"
61,1475,0.26837512850761414,I guess we can say it's truly official that TSM team enviroment is Toxic as fuck.
62,1696,0.2645794749259949,Overall zven was hands down the best player tsm had last year tho.
63,1788,0.26370057463645935,"Tbf Amazing looked individually the same after leaving TSM (pretty much at least) however Wildturtle on Flyquest individually looked a decent chunk better than on either of his TSM stints (except for his first split).

People aren't rewriting Zvens career now after leaving TSM but if you have a career from best in the west to propably bottom 3 ADC in NA to best performing ADC in NA you have a pretty good picture of his career.

A team reliant role like ADC, jungle or support looking their worst in TSM speaks a lot more against TSM's entire culture (they had like 6 coaches since Loco left and neither stayed for more than a year) than it does about the individual level of these players."
64,1720,0.26353219151496887,"But he will be the scapegoat for TSM mid and jungle problems, like Zven"
65,1798,0.26286107301712036,"yes it was, he has an international title and LCS championship with TSM????"
66,1813,0.26028749346733093,"Why can't he play Senna if he has such 'versatility in play-style'?

Also, wasn't it his fault that TSM didn't make it out of groups in 2016 and 2017?"
67,1670,0.2591893672943115,"It's because til the end he always seemed to care and he embraced the fanbase of TSM. He made me, as a TSM fan, feel like he really liked being a part of us and that he appreciated people giving him mroe chances and standing behind him. I personally respect him a lot and hope that he'll continue to smash it, until we beat him in the finals/semis this split."
68,1900,0.2584134340286255,"Turtle did more both times on TSM. Going almost undefeated in one split then getting knocked out in playoffs isnâ€™t that big. Heâ€™s actually won titles with TSM, was considered one of the best adcâ€™s at season 3 worlds and won an international title"
69,1510,0.2559061050415039,What about not recognizing patterns ? Like it cant be a coincedence that good players just suck in TSM
70,1690,0.25338268280029297,"Do you think that might, you know, POSSIBLY have something to do with the TSM coaching staff?"
71,1728,0.25325897336006165,"People forgetting that Zven was the best performing member of TSM for entirety of the spring until game 5 of finals. But sure, let's judge him based on one blunder he made (I'll also remind you, that TSM was 2:0 up, and the other 2 losses weren't in the slighest on Zven, but sure he ""solo lost"" them the finals)."
72,1557,0.25302112102508545,"I think its just the difference between having a good coach and staff like C9 is known for, and whatever the fuck TSM has going on"
73,275,0.2502845525741577,[TSM vs TL 2019 Spring Finals](https://www.reddit.com/r/leagueoflegends/comments/bcxh0p/team_liquid_vs_team_solomid_lcs_2019_spring/)
74,1579,0.24447563290596008,Honestly I was pretty shocked the amount of support Zven got as compared to other TSM players who weren't looking too hot.
75,1703,0.24333228170871735,"He didnt get kicked, but TSM just randomly picked up Kobbe in 1 days."
76,1652,0.23999731242656708,TSM has regi who despite being a good businessman is clearly unwilling to accept the fact that he is washed up and keeps trying to be an integral part of the LoL team staff and keeps fucking it up. Every TSM video Iâ€™ve seen this guy is there either breathing down the players necks or lecturing about something he doesnâ€™t know about. Itâ€™s like those collegiate teams who are coached by a silver rank when all the players are diamond.
77,1588,0.23992861807346344,How so? He legit played like shit and lost the finals for the team. I agree that tsm makes players play bad but that's for junglers only. He had bad positioning and poor mechanics and he himself agrees with that. I'm a g2 fan and I know what zven is capable of but his performance on tsm was poor shit and it's wasn't anyone's fault but his
78,1860,0.23873622715473175,"Seriously. This subreddit is absolute dogshit for any actual analysis, dont take the garbage upvoted here for facts, its only hot takes and stupid circlejerks. This ""DAE TSM BAD XD"" circlejerk especially is one of the oldest in the sub, it doesnt even make sense because TSM havent won anything recently, but I guess its really funny to reuse the shit same joke forever."
79,1496,0.23454947769641876,"Not really C9 effect, Zven was a beast in Origen and G2 too. It's more like the TSM effect that makes players play bad."
80,1527,0.23205654323101044,Imagine story line of TSM kicking DL who ends up winning 4 titles in row. Then possibly Zven winning now that he got kicked out of TSM. Lastly we just wait Kobbe to make great success after getting kicked out.
81,1838,0.23108702898025513,"Biofrost is the real top performer on TSM, but Kobbe is also carrying his weight."
82,1491,0.2271856665611267,People forget that Zven and Mithy's first split on TSM looked quite good until they hit playoffs and were terrible vs Clutch
83,1763,0.22699196636676788,Kobbe is arguably the best performing player on TSM atm... No way did he play as bad as you make it sound.
84,1826,0.22343751788139343,Are u kidding? Heâ€™s still there all the time and acts like heâ€™s in charge watch TSM videos over the past two years.
85,1857,0.2227603644132614,"He has also said this: https://www.youtube.com/watch?v=-hZJpgN6cF8&t=3m55s

I guess people can go back and forth, but he seemed pretty motivated to stay at TSM when spring was happening"
86,1802,0.22218075394630432,"I haven't really actually, but the other guys point was that players leave TSM and play so much better elsewhere, which just isn't the case."
87,1661,0.22071824967861176,Tsm with niels would be unstoppable xD he would never throw a game by arcane shifting into 5 people!
88,1422,0.2190743386745453,Zven had great stats when he joined TSM too guys. It wasnt until playoffs that he made a few misplays that fans started declaring he was the problem.
89,1700,0.21671980619430542,"Ironically Sven got better on C9 only to go to EG and get worse (small sample size obv.)

&#x200B;

Might be something more to do with C9 than TSM."
90,1894,0.21527017652988434,Svenskeren also did badly the split after leaving tsm and was even subbed out in summer
91,1718,0.21357350051403046,Zven was playing well on TSM too. Everyone just focused hard on a few bad moments rather than the fact that he was consistently strong for 2 years.
92,1508,0.2113463431596756,"Overhype or not, it is some high stats for a season start. Considering where he was in TSM and the critics he got, I guess it means a lot for the narrative that he is doing such a good showing on his new team."
93,1577,0.2093050628900528,"That's a fairly common trend, the horror stories of TSM fans tend to be perpetrated more by the illusion that they shit on their own team constantly."
94,1726,0.20870782434940338,"People didnt dislike TSM during baylife era. Dyrus got some hate for fucking dig S2 but except that it wasn't out of the ordinary. The real TSM hate started when NA casters made biased worlds list over and over where Bjergsen was consistently put 10 tiers above the skill level he played. It's not TSMs or the players fault, it's the ""Analysts"" fault."
95,1849,0.20756839215755463,Did you even watch them back then? Do nothing and wait for teddy to carry after 35 minutes is hardly better than tsm.
96,1413,0.20022128522396088,"So happy he's finally smurfing, sucks that's it's not for TSM but the guy works his ass off and takes criticism like a champ, glad people are recognising that"
97,1954,0.19917502999305725,"The only dishonest bullshit taking place is you trying to revise history. No one can take you seriously when you say bio out performed tsm last year. Clg only did better in summer with tsm doing better in spring (way better than clg did compared to them in summer). 

Stop trying to revise history and maybe you wonâ€™t be called out for your incorrect opinions."
98,1469,0.19340385496616364,Zven was pretty damn bad when he was in tsm. Easy to look good when your team is doing great. Hence why Pob seems so damn good when he was in TL and fell off once heâ€™s not.
99,1786,0.1908433735370636,During internationals he was talked about as the next big NA home grown talent. Haven't heard about him since TSM.
100,1872,0.1892225742340088,It's as much his fault as it was Zven's fault TSM lost to TL in spring finals.
101,1660,0.18853387236595154,"Better coaching staff. More flexible players in positions other than AD.

And tbf to TSM, they were the best performers for NA at Worlds 2016, but C9 (the worst performer by a good margin) made it out of groups."
102,1419,0.1883506029844284,"Zven is and always has been an amazing ADC. Very consistent, a team player and very very good.   
Having to play with Bjergsen is pure shi\*.   
Bjergsen is a pain in the ass. He should leave for TSM good."
103,1543,0.18615558743476868,"As a tsm and united fan, this hurts. Alexis Sanchez, di maria, even lukaku were terrible at United then rediscovered thier form after leaving. Ed woodward is a pos though. Only cares about $$ not results"
104,1619,0.18555840849876404,"Not to mention MVP svenskeren, amazing going to semi's with Origen and Wildturtle on that monster immortals lineup (though given they had doublelift then it's not as big). Tbf there are noticeable exceptions like Hauntzer who has been significantly worse since leaving TSM but I do wonder if there is something wrong with the TSM culture that leads to so many great players performing poorly for them only to bounce back once they leave. Like maybe it's the pressure of the brand or its Regi or its the coaching staff, but something definitely seems to be wrong there."
105,2370,0.1841900646686554,"> Im watching EG vs TSM 

And that's where the problem lies. Unless EG is *significantly* better than what I've seen of the LCS so far this year (which is IMT vs TSM and the first two ""highlights"" of game 1 of week two), people in the LCS don't have a clue what they're doing. Not even flame, I really want to watch NA and I really want them to improve and contest the other three big regions, but... it just doesn't look good. At all."
106,1901,0.18408577144145966,">but there wasn't really a way to win that for TSM either way. 

Well there was a way and they were about to do it. Why do you think zven was up by the baron pit when he died lol"
107,1799,0.18404801189899445,He helped NA get its only international trophy on TSM. That's somehow less of a high than *almost* getting LCS MVP?
108,1699,0.18371164798736572,"Amazing going to Quarters with TSM doesn't count?

Wildturtle having multiple titles with TSM doesn't count?

I agree that there is something wrong but you need to grab the right straws. 

I would blame TSM's management even more (not to say they have been doing something wrong with whatever the fuck happened to this team's playstyle after that spring split) if Zven didn't just play bad individually as well from his first season with them, watch the playoffs vs CG and just watch how he positions, watch the regular?/playoffs? games in the next split vs C9 (especially when he's on Varus WITH A TAHM KENCH) and he still goes melee range under C9 turret to auto it and brings C9 back in the game which begins the reverse sweep iirc.

I am glad he is doing good now and doesn't feel the same pressure as before, but chalking it up to a simple ""TSM dark arts forced him to be bad as an INDIVIDUAL"" is something a lot of people are doing now but it's not that simple. 

Almost like players have phases of being good and bad, slumps exist; nobody stays at the top forever. I hope he keeps doing well, but it sucks that people keep re-writing history because of that."
109,1505,0.18363390862941742,"same story when Zven joined TSM. he was suppose to be (together with xmithie) an upgrade over DL. 

dont judge players while they have talent suppressed by machine"
110,1538,0.18234355747699738,"This take works in 99% of cases, but haven't we seen enough underperforming performances from players on TSM, who then suddenly has a good season when they leave, to make the original take relevant and feasible?"
111,1804,0.1800532191991806,"I think its pretty easy to argue that Santorin, Wildturtle and Amazing had their best seasons on Tsm. I dont think there was a significant skill disparity at the least"
112,1558,0.17997907102108002,"Considering how good zven was on og and g2, it's way more likely this is the case.

Although in my opinion, I always thought that Zven was really good, even when he was on tsm."
113,1565,0.17986492812633514,C9 hasn't won LCS since 2014 TSM hasn't made it out of groups at worlds since 2014. A soul for a soul.
114,1393,0.17761076986789703,The C9 effect in full swing. Expecting Spring MVP Zven's value to suddenly go through the roof in the face of another player coming from TSM and going beyond their ceiling.
115,1945,0.175972118973732,"But it finally looked like TSM was going to get an ADC that will keep up with world class bot laners in and out of lane consistently, while not requiring too many resources."
116,1691,0.17515280842781067,"At the very least, he is the only constant in the team over the years. Even the coaching staff keeps rotating all the time. Ever since LCS became actually competitive, TSM floats between ok to good"
117,1651,0.17236192524433136,"TSM is an organization which had the same problems for years. Yet they canâ€™t seem to fix or adjust them. 

How did they manage to drop so down from a crown they held so far above the rest? 

The answer is very simple. ðŸ¤¡ðŸ¤¡ðŸ¤¡"
118,1678,0.17203380167484283,"Well I don't know but kobbe right now plays like shit and guess what: after joining TSM 
But still it's just 3 games and kobbe didn't melt well with the team."
119,2342,0.17174780368804932,">Im watching EG vs TSM, and twice now the enemy team lose fights/cooldowns because aphelious ult does something those players don't expect.

That is their fault lol"
120,1791,0.17162615060806274,"[Zven literally talking about how he wanted to leave TSM in 2018](https://youtu.be/f2GLefjGPKQ?t=6091). But hey, I'm sure that his PR statements are true, and not this most recent podcast when he didn't need to hold back."
121,1552,0.17073091864585876,"Mithy, Hauntzer, MikeYeung, Akaadian, Grig, and Spica all joined and left during the last two years and that is not including the coaching staff, don't think you can expect anyone to look good when they are part of the TSM shit show."
122,1944,0.16953760385513306,"What are you even talking about. He didnâ€™t do anything on immortals worth of noting besides almost having an undefeated split that is not at all contributed to him but his top side of the map. 

He went to worlds in season 3 and played against a peak piglet who even said he was one of if not the toughest adcâ€™s to play against. He went to quarters at worlds in season 4. He won an international title in 5 and still went to worlds (albeit tsm shat the bed that year in groups). Then he won another title on tsm in 7. 

So tell me what he did better in s6. Because Iâ€™ve watched every single one of his games even when on immortals."
123,2325,0.1693115383386612,"There was 2-3 times in the TSM game they had no idea what Aphelious ult did. One time where Kobbe got one shot with all sums and ults up and Dardoch using hourglass for no reason because he had no idea as well.

That is ridiculous"
124,1459,0.16846731305122375,As a Die Hard TSM fan... I cannot stand our fans.  Zven was fine just like doublelift was fine.  We have the best players and we dont make it to works... that's all I know.
125,1669,0.16407333314418793,"I feel like all TSM fans are asking for is serious effort. Zven was the embodiment of that. Sure, he choked and it didn't work out, but we never had to ask if he was actually trying, unlike MikeYeung or even Hauntzer at the end."
126,1790,0.1638936549425125,Didn't Zven say here ([https://youtu.be/f2GLefjGPKQ?t=6130](https://youtu.be/f2GLefjGPKQ?t=6130)) that he wanted to leave with Mithy and play in Europe for 2019 but TSM wouldn't let him go?
127,1554,0.1605580896139145,"It goes both ways, it's easy to look bad when your team is playing like bunch of apes, you become emotional, lose focus and start playing like ape yourself. I fully agree that Zven played like shit in TSM, but that doesn't make him a bad player."
128,1533,0.16031262278556824,"Yeah the TSM bashing has gotten so old. They're my teams rival ffs and still I look at the flame they get and scratch my head.

They aren't doing well, sure. People can talk about that all they want. But focus on Zven's success, not the team he was previously on."
129,1570,0.16011740267276764,"I really hope he'd return one day, if not in EUW at least in NA and possibly join top orgs like C9/TSM and potentially reach further in worlds"
130,1832,0.1580454707145691,"Dardochâ€™s at least given TSM good early games. However, jg is a shit role.

I reckon that after the 8 minute heralds, he has less of a role on the general team map plays."
131,1942,0.15662647783756256,But then thatâ€™s trying to say that Sven wasnâ€™t good at all on TSM because he won mvp on C9. He had 1 amazing year and 1 okay year and had to compete with bjergsen and doublelift who were playing better.
132,1957,0.15552003681659698,"When your entire argument has been centered around the validity of me placing S6 Wildturtle higher than his years at TSM it definitely is. It is completely unrelated to what my estimation of Biofrosts performance is, unless you were using it as an ad hominem, which would still make you completely dishonest."
133,1861,0.14623376727104187,He played on the best team? His personal level of play was never anywhere near mvp level while on Tsm. Team accomplishments sure but we are talking about how the org affects level of play
134,1891,0.14468255639076233,Zven mentioned in an interview with Travis that Grig and Akaadian having to split time in summer was the biggest reason why they shat the bed. Parth is just your typical Silicon Valley techie with terrible management skills. I have no idea why he still has any role with TSM.
135,2166,0.1428227424621582,"Was thinking about making a similair post. Just in the TSM game at least 3 bullshit aphelios plays happened. I bet everyone tried to learn aphelios in and out but still it's so hard to see in a flash what that champ is capable off in a specific moment.

I think its a massive oversight by the champ design cause something like this should just not exist."
136,1743,0.14219476282596588,"Tell that to the many tsm fans that have been begging for a decent international performance...or even to just make it to worlds at this point. Maybe C9 has not won a trophy which sucks but at least they have maintained relevance every year finishing top 3 and with some standout worlds preformances (by NA standards), and that is something I'll take with pride."
137,1934,0.14173142611980438,"Well if you look at the year after it already looks different.

I actually think Hauntzer is still good. The only win GGS has so far is Hauntzers. And even the C9 squad did go to worlds that year and reached Semifinals. 

At this point pros should try to play on TSM, just to leave the year after."
138,1833,0.1403764933347702,Bjerg is a risk averse player unlike before. He's been playing like the korean style where he needs to play clean which is not the case for the past years. He still has the ability to become aggressive imo and he is certainly not the problem anytime TSM/exTSM players struggle
139,1806,0.13838505744934082,"DL hasnâ€™t done any better than his TSM days. Heâ€™s on a loaded team and canâ€™t fail in NA.

He has the best support in the league, and is the third maybe fourth best player on TL.

He won four splits but he didnâ€™t solo carry them to any title."
140,1435,0.1379527896642685,"TSM should play around botlane but the take thier name too literally. They have had world class adc's and then proceeding to do nothing with them.

Even with DL I cant remember them actually playing through botlane. It has almost always been pick a safe botlane or just have the best botlane and then play through mid top or jg.

Now that is not to say tsm is solely at fault here. Zven probably had a large part to do with the number of games played on ezreal.  And after being made trash from the removal of klepto zven has to play something else which is probably a good thing for him.  Aphelios and Senna both being immobile means he probably realizes he can't solo face check in game 5 of a finals.  Not to mention by also not having xayah be a huge part of the meta we won't see many feather storms thrown in the wrong direction now either."
141,1536,0.1370890736579895,"People seem to forget that there were games where Zven was randomly dying as Ezreal being caught out of position. As a TSM fan I'm glad to see him doing better, but it's also infuriating how suddenly everyone seems to love him when this subreddit was hellbent on blaming everything on him before as well."
142,2784,0.13673070073127747,"He didnâ€™t even Xayah ult. Had plenty of time to do so. Kobbe played that T-2 fight like an absolute bot.
Dardoch fed his ass off and inted early. Iâ€™m surprised TSM even won that game.

That game had nothing to do with Aphelios."
143,1955,0.13468259572982788,"Oh, so now you're moving the goalpost. FIne we don't have to talk about Wildturtle.

Ask any player which split matters the most and which one they try the hardest in. Ask TSM which split they would have preferred to peak in.

There's no revising of history when this has been the standard used for years."
144,3053,0.13459233939647675,"You did watch EG vs TSM right? he hits the calibrum snipe on Dardoch which then splashes gravitum to Kobbe through Runaan's which Bang pops to kill Kobbe. Don't tell me that is about ""shouldn't be getting marked"" that's absolute bs."
145,1801,0.13186949491500854,"Ask any TSM fan, his Ornn is just not good.

Don't judge him on that. Even in his best years he turned on int mode when they had him play the Ram. (I mean, clearly don't give him a free pass, but a champ that he's never been able to play isn't proof that he's washed)"
146,1457,0.1316079944372177,"You don't understand, EU fans in 2017 were the problem for calling him the best in the West when he was a sidegrade at best for Doublelift /s

Edit: to clarify he definetly had some pretty weak performances on TSM, it was ok to doubt him this off-season, now I hope that he will keep up with this performance and show to NA fans why he was such a big name between 2015 and 2017"
147,1605,0.13123834133148193,"Not really, he had a lot of bad games where he was getting caught where Zven was known as someone with 'ok' laning but amazing positioning in EU it went to 'ok' laning and pretty meh positioning in TSM."
148,1394,0.12968093156814575,"This is what Niels/Zven was in OG and G2, and what he was supposed to be in TSM. I will never blame Regi for picking him up over Doublelift, it always made sense in paper imo.

I really wonder if he can outperform DL this split. He almost did it in Spring 2018 (regular split, not playoffs obviously), but DL just seems invincible ever since CoreJJ joined TL. Exciting times ahead"
149,1519,0.12964807450771332,"What's funny is the start of the statement is Bjerg and BB on screen.  

I don't mind a player shitting on another team, but Licorice really reached with that tweet and people are running with it.

Zven even has a new interview asking people not to shit on TSM simply because he is doing well on C9 right now."
150,1428,0.12766167521476746,"Do people forget he was pretty good in spring too until playoffs came where he threw the series? His problem is performing in high stakes matches like playoffs and gauntlet, let's not act like he's gotten so much better after leaving TSM yet, it's only been 2 regular season weeks."
151,1636,0.1271587461233139,"This is kinda bullshit.

Sven is having a terrible season, Hauntzer has been average since leaving with a couple of good games, Grig has also been average, Yellowstar never really recovered.

Besides Zven, what former TSM player had a great season after leaving?"
152,1730,0.12684296071529388,Because Parth has come out and admitted to the multiple mistakes he's made about roster/staff issues. He also said that they legit couldn't find a suitable coach so they forced Peter Zhang to be the head coach instead of a coaching consultant for TSM/TSMA rosters
153,1818,0.12583401799201965,">People forgetting that Zven was the best performing member of TSM for entirety of the spring until game 5 of finals.

Yes, Bjergsen definitely wasn't deservingly in the conversation for spring split MVP... 

I love Zven, but if you're gonna defend him, please don't bring up bs like that."
154,1529,0.12497614324092865,"It is bound to happen tbh. Kobbe might've had a great season in EU, but he has very clear weaknesses since he basically entered the scene. Mainly his laning phase and his below average wave management. Biofrost isn't a player that's gonna fix your waves the way Norskeren does (I know it's trendy to hate on Norskeren for whatever reason, but somehow Kobbe didn't really shine the way he did last year, and certainly wasn't in contention for top adc in EU until he got paired with Norskeren, so food for thought for Norskeren haters), meaning he's gonna look significantly worse on TSM this year than he did last year on Splyce. Zven also had much higher peaks than Kobbe, and his wave management is actually top notch. Besides, TSM has a knack for being unable to utilize their players properly. It's not only junglers."
155,1547,0.1244061067700386,"Zven wasn't ""fine"" he performed really poorly individually on TSM and admitted that himself when he joined C9. He was very vocal about how shit his performance has been since coming to NA.

Player performances can vary. Just because he's playing well now it doesn't mean he's always played well and always will play well."
156,1919,0.12336987257003784,"Not because of baron. TL had literally no way to do baron against Vlad. There was nobody dead on TL and Vlad would just murder them, yes he did blow Ult before, but so did Akali and honestly Akali Ult missing was much bigger for them, because all they had was Zoe poke and an Ez, how should they do baron with that. Zven tried to protect vision around baron, but that wasnt really possible, he also had Trinity instead of Iceborn, which made him really vulnerable.

I don't see a way for TSM to win there. Skarner just runs at someone had he is dead. And yes they could probably have kept TL from taking it for a while, but then TL would have scaled further. And I remember watching that game I knew TL had won it when TSM didn't do anything with their big lead."
157,1620,0.11668941378593445,"DL didnâ€™t get kicked for his short comings, despite not properly preparing for back to back worlds. Zven and Mithy were a packed deal. 

Zven also left TSM and didnâ€™t get kicked. He wanted to leave with Mithy last year."
158,1663,0.11573105305433273,"Or just because Bjer is a great guy but with terrible outdated view on how to play the game and bring ""let's stall to late game"" Shotcall. 

Ex-teammates have nothing to say about his personality or work ethic, that's for sure. 

Now, after watching TSM for the last 3 years, there is something really wrong with the way they approach the game.

Like they declared, Regi and Bjer are the one deciding the roster and the coaching staff this year."
159,1399,0.11511702090501785,"TSM just gives me bad vibes as a company to work for. Even listening to Dardochs interview, he said it's almost expected of the employees to work overtime. I feel as though there is so much pressure/stress on this team to perform it's just not a good working/team environment. That's just my opinion from the outside ofc, I have no idea what goes on behind close doors, but the staff turnover seems pretty high, other then Bjerg who is kept around for branding and his cs per minute lane kingdom."
160,1708,0.11399280279874802,"He is one of the most dedicated western players ever, dude is completely committed to his job and will grind his ass off if he has to, literally the first thing he did in all the times TSM got knocked out of playoffs was go home and grind soloq like a possessed madman until he was rank 1 while most other players in his situation would take a break, its crazy."
161,1512,0.11381204426288605,Bjergsen is the ultimate gaslighter. He contributes so much to a negative team atmosphere and toxic work environment but everyone that worked with him praises superficial aspects of his work ethic. They judge everyone else by the metrics that Bjergsen is exemplary in and place 0 value on what other people bring to the table. His fragile ego and victim mentality are hard to overcome given his childhood experiences and it's baffling to see TSM all-in on this guy even harder when they've already tried everything except switch out the mid laner since 2014.
162,1578,0.11040211468935013,"Most TSM fans still wants Zven to do well, he was a great guy and it was just unlucky how it didn't work out for him. He didnt like NA at first, had the worst series of his career against CG, mental went boom, fucked up against TL, mental went boom. Unlucky...change of environment + Reapered helped him a lot."
163,1573,0.10906422883272171,"This is pure logic: TSM's problems must come from their common denominators over all these years, both team and staff. These are not only Bjerg, but him and/or the other common denominators possibly cause the TSM culture and chronic issues.

Pros talking well about others is just courtesy, specially if Bjerg is a good person/friend, they're not gonna shit on him for his issues as a player."
164,1537,0.10503382235765457,"Unfortunately this is way too much of an reasonable take for this sub, obviously there has to be some evil mastermind behind the scenes that forces players to be shit, extra easy upvotes when that evil mastermind happens to be TSM, if half the shit that people are spouting on this sub was true then no single player would even want to play for this org again yet they still do, weird huh"
165,1950,0.09819907695055008,"Which again was also debatable at the time and expressed by multiple people in 18, as it was perfectly clear that Biofrost had shown far more issues than DL did, and is also why Zven was picked because Mithy demanded they were package deal rather than TSM had a wish to replace DL. And DL doesn't require resources, he gets them because his team-mates are always far more outclassed than he ever was.

It's the same reason why Rekkles also improved massively when he got a support that could match him in Hylisang."
166,1550,0.09166398644447327,"It's also easy to look bad when you're team is doing bad. Hence why Froggen wasn't doing well on several NA teams but he seems to be back in form on dignitas. 

Also, hence why Zven looked bad on TSM even though he was the main carry of several very successful EU teams. 

Not saying you're wrong to say what you're saying. I'm just saying it goes both ways."
167,1609,0.09081176668405533,Bjergsen is the ultimate gaslighter. He contributes so much to a negative team atmosphere and toxic work environment but everyone that worked with him praises superficial aspects of his work ethic. They judge everyone else by the metrics that Bjergsen is exemplary in and place 0 value on what other people bring to the table. His fragile ego and victim mentality are hard to overcome given his childhood experiences and it's baffling to see TSM all-in on this guy even harder when they've already tried everything except switch out the mid laner since 2014.
168,1932,0.08997556567192078,"Yes, and TSM bought Zven at the end of S7, when he was considered to be as good as Rekkles, but he was also bringing his support. In retrospect you can easily say that it was a bad move, but at the time it looked like a clear upgrade.  


And my point about the DL, Rekkles and Perkz wasn't to prove that he's not better than them, but that FNC and G2 needed a specific style, champ pool and consistency from their bot laners, and DL doesn't match them when it comes to that, hence the weak point (he's better than them at other stuff, but I struggle to think of an EU team that would put that to use)."
169,1551,0.08760136365890503,"Then you realise C9 as individuals aren't actually great.

Nisqy is a very average mid laner even in NA, same for Blabber as a jungler. Licorice is a good NA top laner but still not very good when you consider the rest of the world, Vulcan is probably their second best player after Zven.

The difference with C9 is they have a really good coach who seems to know how to get his points across and get the team playing basic macro really well for the whole game, something most NA teams can't do.


Zven had some notable errors on TSM but I put that down to him trying to carry too hard because he knew his team was useless."
170,1712,0.08543910831212997,"Honestly it is more true for non-american players. Amazing and Zven did well, Santorin actually wasn't on a team when he left. And I honestly think Yellowstar went there to retire, I honestly think he only came back to FNC because they begged him, they had an awful year in 2016. Since 2017 he is coaching the team Eika played on and this year he is playing again as a support, but I think more due to not having anybody else\^\^.

The bigger issues for TSM though are that the players they get are kinda random. The issue they have are either with Coaching or Bjergsen, because those are the only constants for the team. If you change top, jungle and botlane and your problems stay the same you have to look at the things that didn't change."
171,1951,0.08320008963346481,"Just you saying he mispositioned less negates every thing else and shows you donâ€™t know. He has never ever gotten over his flaw of mispositioning. Adrian played nothing but healing and shielding supports that allowed him not to die when he was fighting from a position he should have never been in. Still to this day he has positioning errors just like he did on imt and before then too. 

And of course he had higher dpm. All immortals ever did was fight around the map constantly. Anyone would have a higher dpm on that team compared to previous seasons. 

Iâ€™m a huge turtle fan but youâ€™re blowing shit out of your ass trying to say he became better after leaving tsm."
172,1952,0.08173190802335739,"Zven was never going to have the support issue, with Mithy next to him. Zven, by himself, had more consistent performances that had a slight edge, but he also had years of experience with Mithy, while DL did not. 

&#x200B;

Even if you look at Worlds 2018, you see Zven having much better stats than DL, despite the fact that he played in a much harder group.   


And the resource point wasn't directly aimed at DL on TSM, since he wasn't the sole carry back then, but that Zven did not require too many resources to do well into Uzi and Ruler (and to also achieve the highest DPM and DMG% at the tournament)."
173,1923,0.07916194945573807,"Zven was constantly playing weak side, left to his own devices, while Akaadian hard focused on Bjerg. Akaadian usually plays for mid lane, and I'm not saying it's wrong or anything, but for the amount of resources Bjerg was getting, he wasn't especially impressive, unlike Zven. TSM only by the end of spring actually started playing fast LoL consistently, before it'd be one fast, one slow game, all because Bjerg couldn't snowball his leads into wins. They still had the highest average game time of all the teams in the world, in spring 2019.

In other words, look at the context, when evaluating a player."
174,1702,0.07812944799661636,"This is incorrect. Zven and Mithy being a package deal is just an excuse for the kick, they talked about how DL taking time off had shaken their expectations of him and their trust on him, and you can see on TL, it's not impossible to find a support on par with him without having to swap the whole lane, it's just a big dumb decision that has been exposed as such.

Zven also talks how TSM didn't want to renew his contract and has given him a heads up. So that's getting kicked, bro. Also he didn't want to leave last year, you can check his video before spring finals, he said he had offers but he didn't want his time in NA to be a waste, he wanted to double down and show he can be at the top."
175,1817,0.07327862083911896,"Honestly, Zven wouldn't even be the only one. DL and Cody have similar moments. Flash into Victor? Jump into Cass? And all of those were deciding games. 

And a game like this in a 5 game series, where nothing is happening and your team slowly gets outscaled, it is terrible to play that. Just think about it, if you ever had your promos and you picked an early game champ and won, and you only need to win that game to get to promotion and then your team suddenly decides to do nothing with your lead. That was the position Zven was in. If Zven didn't get caught there the game would likely go on. But Kaisa, Vladimir and Skarner? TSM had no tools to deal with that.

In such a situation when a game slowly slips away players like that tend to go for a play, even a bad one. Not to mention that 35 or so minutes into a game 5 of a series you are also exhausted."
176,1704,0.07117316126823425,"Splyce had a strong early game, bad mid game and good late game.

Kobbe was never afraid to go ham if there was an opportunity, but Splyce often stalled in the mid game if they couldn't snowball and 2019 was heavily focused around early game snowball so they were not punished for their slow mid game as often.

TSM seems to be absurdly risk averse, like they only want to play perfect, even if they understand that they need to be willing to take on risk, it just doesn't translate. But Kobbe looks like someone who is willing to go ham, same with Dardoch and Brokenblade.

But this goes beyond any single player or person, it seems to be the expectations around improvement on both an individuel and team level is making them resistent to change.

That is at least how it looks from the outside."
177,1816,0.0660414844751358,"Honestly NA teams loved to play into that hype. Just look how some of them figured that TL might be a dark horse for worlds, at most they ended up as a limping donkey. People complained why Jensen isn't on any of the top20 lists and things like that.

Just before the C9 game someone from TL said that they don't view C9 as a threat.

I think one of the reasons why C9 is good is because they are really reflected, when they were asked about the other teams they didn't say they are far above anybody else they said that they might lose to DIG because they look really good. And of course some of it is trashtalk, but I honestly think many NA teams are really bad to realize what there position is. When I always hear that TL is far above anybody in NA I wonder why it never shows. They are usually only one game apart from the second team in the regular split, they also actually have a negative winrecord against C9 in summer (3:4) and they also had a really close final against TSM before."
178,1447,0.04273676872253418,"Sneaky will and always will be one of the greatest ADCs NA produced but in recent years I do believe Sneaky has not been performing to the standards or expectations from what is expected of a good ad carry. For example, during 2019 Spring Sneaky had 8.9 CSM and 8.5 during the Summer. In comparison, Zven had 9.5 CSM at Spring with 9.1 CSM at Summer.  (Doublelift had highest CSM at 10.3 during Spring, Cody Sun had highest CSM at 9.5 during Summer)

No offense to Sneaky, but his stats are what I will expect from a player in a low-tier team and even if these stats difference may be small, it will be substantial against top-tier teams.                                                                                                                                                                         If we want to compare CSD@15, Sneaky had an average of -6 CSD@15 while Zven had +2 CSD@15 during Spring. During Summer, Sneaky had an average of -6 CSD@15 while Zven had -7 [CSD@15](mailto:CSD@15). (Stats are at [gol.gg](https://gol.gg))                                                                                                                               However Sneaky was on Cloud 9 who reached 2nd place in Spring and Summer while Zven was on TSM who reached third and fourth place in Spring and Summer. Shouldn't it be obvious which player should receive higher expectations on their level of performance in pro play? Even in recent times, there are memes about ""Sneaky in lane,"" popularized by Doublelift in 2016 who said Sneaky is trash in lane (but good in teamfights) and to some extent there is some truth in what Doublelift says.

There may be a bit of recency bias here, but I do believe Zven will be a better mechanical player and most consistent than Sneaky, because Zven has always been regarded as a top tier adc (during his G2 and Origen years) by many pros which tells you something about his mechanical prowess while also showing an insane work ethic. In S9, Zven has played around 1806 games in NA solo que ([https://na.op.gg/summoner/userName=C9%20Zven](https://na.op.gg/summoner/userName=C9%20Zven)) while Sneaky has played around 1262 games ([https://na.op.gg/summoner/userName=C9+Sneaky](https://na.op.gg/summoner/userName=C9+Sneaky) including his smurf C9 Gun). During S9, Zven has around 1439 games played in S9 while Sneaky has around 1200 games. Also these are just the amount of Solo q games he has played in NA. Zven also has a EUW account ([https://euw.op.gg/summoner/userName=C9+ZV3N](https://euw.op.gg/summoner/userName=C9+ZV3N)) where he played around 403 games in S8 and around 270 games in S9. Even if C9 does poorly in some games, I don't think it will stop them from being a potentially top 3 team (most likely top 2 as they always had in the past) in NA as they have such a strong showing in the first two weeks with good chemistry and macro play and I believe that Zven will perform consistently well in his future games at C9.

TLDR: Zven has always been a consistent and good mechanical ad carry even with his mishaps at TSM."
179,1448,0.04198158159852028,"The year is 202X. After a decade of trophy-less splits, Regi finally uses his ultimate move, a suicide attack of sorts. Bjergsen had demanded - no, begged him to reconsider. But in that forlorn TSM house, empty save for Regi and Bjerg, the former team owner just just put his hand on his son's shoulder, and with sad eyes said, ""fuck it, baylife"". He put a slip of paper into Bjergsen's hands, then walked out the door.

That was the last Bjergsen ever saw of Reginald.

That was then, this is now. Bjergsen checks and rechecks the address Regi had handed him - his last gift. He looks back up, takes a deep breath...

Bjergsen walks up the sidewalk and knocks on the door. It opens. Bjerg gasps. No matter how many times he's seen her, the woman's beauty always leaves him breathless.

""I've been expecting you"", Sneaky says, and Bjergsen enters the C9 house.

Sneaky leads Bjergsen through the hall, down a staircase, into the deep dark pits of the cellar. Their in the darkness are three chairs, and 2 men.

""Doublelift?"" Bjergsen is confused. ""But the curse...""

Doublelift raises his eyes to meet Bjergen's gaze. ""...if never winning the split again is the price I must pay, I will gladly take it."" Bjergsen nods in understanding. He was prepared to make the same sacrifice.

They both turn to the third man.

Reapered sits, a human face so clearly housing something more than human. His eyes are deep and void, a window into the mind full of forbidden draft technologies and butthole jokes in broken English. ""Are you ready?""

""Yes"", C9's new mid and bot say in unison.

""Then let us begin"".

NA's road to a World cup begins here."
