,word,Count
0,tsm,281
1,strats,1
2,cancer,1
3,also,38
4,johnson,1
5,academy,3
6,fan,23
7,bad,30
8,upvote,1
9,manchester,1
10,unite,1
11,point,14
12,player,77
13,regularly,1
14,play,87
15,well,58
16,look,32
17,noticeably,1
18,worse,6
19,that,14
20,is,83
21,trend,2
22,indicate,1
23,kind,1
24,problem,21
25,unique,1
26,culture,4
27,not,97
28,every,7
29,join,12
30,bjerg,13
31,something,19
32,think,31
33,one,30
34,thing,9
35,want,21
36,say,38
37,people,34
38,stop,4
39,sg,1
40,fair,2
41,part,7
42,blame,6
43,lot,9
44,tsms,6
45,failure,2
46,past,6
47,two,8
48,year,47
49,fault,11
50,it,36
51,like,53
52,everyone,11
53,elses,1
54,right,9
55,am,10
56,try,16
57,do,19
58,get,55
59,twitter,2
60,post,3
61,see,16
62,make,42
63,joke,3
64,hat,1
65,would,25
66,fun,2
67,us,9
68,opportunity,2
69,regardless,1
70,whether,2
71,come,9
72,profile,1
73,congratulations,1
74,without,2
75,flame,3
76,amaze,10
77,go,40
78,quarter,3
79,leave,43
80,semis,4
81,wildturtle,9
82,bit,4
83,oddball,1
84,always,19
85,playstyle,2
86,was,19
87,amazing,10
88,turtle,6
89,na,31
90,seem,17
91,true,5
92,nonna,1
93,zven,91
94,best,25
95,santorin,9
96,different,5
97,since,20
98,actually,16
99,real,3
100,team,67
101,waste,2
102,bonus,1
103,basically,7
104,reason,11
105,obviously,4
106,never,22
107,superstar,1
108,super,3
109,botlane,6
110,eu,12
111,style,5
112,cannot,7
113,usual,1
114,bjergsen,30
115,maybe,6
116,win,29
117,honestly,12
118,stagnate,1
119,mostly,1
120,leap,2
121,forward,1
122,effect,5
123,definitely,6
124,debuff,3
125,buff,1
126,dominant,1
127,sven,11
128,great,21
129,season,21
130,determine,2
131,choose,2
132,ignore,1
133,hard,11
134,inting,1
135,spring,24
136,literally,6
137,bench,1
138,hes,1
139,terrible,7
140,might,4
141,whats,1
142,biofrost,9
143,outperform,4
144,clg,7
145,last,16
146,accord,1
147,top,17
148,return,3
149,dont,6
150,really,33
151,youre,2
152,fit,4
153,narrative,4
154,guess,6
155,work,20
156,mithy,16
157,lec,2
158,final,12
159,first,11
160,split,30
161,list,4
162,agree,9
163,alot,1
164,tbf,5
165,og,4
166,didnt,10
167,teach,1
168,jungler,2
169,game,57
170,support,10
171,former,4
172,mention,6
173,better,14
174,teamlmao,1
175,excuse,2
176,peak,4
177,unironically,1
178,fly,1
179,imt,5
180,start,9
181,watch,14
182,league,4
183,ago,1
184,guesssimiliary,1
185,good,53
186,help,4
187,international,7
188,tournament,2
189,fell,2
190,cliff,1
191,summer,11
192,stay,5
193,way,19
194,quite,2
195,argue,5
196,back,16
197,even,42
198,wouldnt,1
199,obvious,3
200,mean,7
201,single,4
202,homesick,1
203,pretty,13
204,fine,6
205,consider,6
206,circumstance,1
207,yea,1
208,arguably,2
209,dl,23
210,has,3
211,lose,12
212,kick,11
213,edit,2
214,elaborate,1
215,much,14
216,almost,10
217,there,2
218,hauntzer,7
219,recent,5
220,memory,1
221,take,18
222,force,4
223,around,21
224,kill,2
225,identity,2
226,spit,1
227,pick,6
228,let,9
229,perform,11
230,place,9
231,junglers,3
232,adcs,5
233,apparently,1
234,testament,1
235,reach,6
236,new,5
237,exist,3
238,height,1
239,bring,7
240,overall,3
241,quality,1
242,yes,8
243,ofcourse,1
244,he,22
245,anymore,2
246,fucking,1
247,dumb,3
248,huh,3
249,time,23
250,deliver,1
251,admit,3
252,bjergy,1
253,could,9
254,suck,5
255,mainly,2
256,need,8
257,someone,7
258,scapegoat,3
259,anything,6
260,zvens,6
261,svenskeren,4
262,hold,3
263,vastly,1
264,successful,2
265,ever,10
266,matter,3
267,wasnt,4
268,tho,2
269,sure,11
270,easy,6
271,flashy,1
272,misplay,2
273,consistently,7
274,entire,3
275,whole,4
276,turmoil,1
277,forget,7
278,garbage,2
279,imagine,4
280,storyline,1
281,msi,1
282,west,3
283,paycheck,1
284,lol,5
285,sometimes,1
286,straight,2
287,ran,1
288,cloud,2
289,manage,2
290,turn,5
291,comeback,1
292,able,2
293,question,3
294,ask,11
295,staff,13
296,crucial,1
297,mistake,3
298,either,6
299,early,9
300,lead,6
301,nothing,9
302,kaisa,2
303,vlad,3
304,skarner,3
305,braum,1
306,outscale,1
307,anyway,3
308,lost,1
309,death,1
310,less,4
311,painful,1
312,akali,3
313,brokenblade,2
314,champ,7
315,scale,2
316,reksai,1
317,blow,2
318,massive,2
319,stalemate,1
320,must,3
321,frustrating,1
322,unlock,1
323,funny,4
324,happier,1
325,headshot,1
326,saw,2
327,god,1
328,slowly,4
329,immediate,2
330,drop,4
331,jump,2
332,still,19
333,feel,5
334,weird,2
335,ssw,1
336,world,21
337,quarterfinalshttps,1
338,www,4
339,reddit,3
340,com,5
341,leagueoflegends,3
342,comment,5
343,iho,1
344,spoilersamsungwhitevsteamsolomidworld,1
345,competition,1
346,lack,1
347,issue,10
348,keep,10
349,improvement,2
350,opposite,1
351,side,3
352,many,13
353,offseason,2
354,usually,3
355,give,12
356,away,2
357,hand,5
358,big,9
359,move,5
360,though,8
361,mikeyeung,3
362,struggle,5
363,find,3
364,likely,4
365,enough,4
366,whatever,5
367,tell,6
368,adapt,1
369,doublelift,12
370,mvp,8
371,award,1
372,poorly,9
373,atm,2
374,rebounced,1
375,solid,1
376,personal,2
377,performance,13
378,carry,9
379,teamfighter,1
380,enabler,1
381,necessarily,1
382,chime,1
383,example,2
384,far,11
385,claim,2
386,know,14
387,poor,3
388,position,9
389,show,9
390,crack,1
391,playoff,9
392,fail,2
393,dodge,1
394,thresh,1
395,hook,1
396,near,2
397,baron,6
398,pit,3
399,coaching,8
400,wait,4
401,happen,9
402,aside,1
403,domestically,1
404,incredible,2
405,copy,1
406,yesterday,1
407,adjustment,1
408,period,1
409,week,6
410,akaadian,5
411,grig,4
412,throw,4
413,objective,1
414,smoothie,1
415,retire,3
416,stuck,1
417,certainly,3
418,did,19
419,tear,1
420,high,9
421,hover,1
422,tier,3
423,yellowstar,4
424,decent,3
425,career,7
426,slight,2
427,regeneracy,1
428,coach,12
429,majority,1
430,promise,1
431,forgot,1
432,somehow,3
433,individual,4
434,luck,1
435,equation,1
436,ownership,2
437,stake,2
438,believe,4
439,supportive,1
440,anyone,3
441,else,9
442,subreddit,5
443,remember,3
444,main,2
445,shit,18
446,everything,6
447,suddenly,5
448,love,6
449,tire,1
450,wrong,11
451,galaxy,1
452,ridiculous,2
453,jab,1
454,thread,3
455,relevance,2
456,towards,1
457,intimate,1
458,detailsbjergsen,1
459,bully,1
460,welldocumented,1
461,https,3
462,facebook,1
463,story,4
464,phpstoryfbididsfnsnmoas,1
465,praise,3
466,listen,2
467,parth,3
468,loco,3
469,talk,13
470,longform,1
471,interview,5
472,sense,4
473,superficially,1
474,perfect,3
475,teammate,2
476,yet,4
477,crumbles,1
478,unrelated,2
479,fandom,1
480,staffs,1
481,belief,1
482,random,2
483,trivia,1
484,contribute,4
485,workplace,1
486,environment,5
487,intentional,1
488,consistent,5
489,performer,4
490,underperform,1
491,org,5
492,instead,4
493,put,6
494,scrutiny,1
495,reconsider,2
496,mid,12
497,offer,2
498,unprecedented,1
499,pro,6
500,stability,1
501,partial,1
502,huni,1
503,contract,2
504,overkill,1
505,faker,1
506,bjergsens,2
507,level,8
508,special,2
509,treatment,2
510,share,1
511,stage,2
512,another,5
513,remembertsm,1
514,gonna,5
515,exacerbate,1
516,solve,1
517,dardoch,5
518,piglet,2
519,tl,16
520,boy,1
521,ride,1
522,inscrutable,1
523,within,1
524,accident,1
525,hungry,1
526,recognition,1
527,wouldve,1
528,voluntarily,1
529,switch,3
530,prove,2
531,loyalty,1
532,chance,2
533,wrap,1
534,players,1
535,finger,1
536,extent,2
537,slim,1
538,none,1
539,beast,2
540,santorins,1
541,skill,4
542,difference,5
543,origin,1
544,negligible,1
545,doesnt,4
546,ill,1
547,slump,3
548,immediately,1
549,curse,2
550,quickly,1
551,idk,1
552,act,3
553,smash,2
554,couldve,1
555,boner,1
556,they,6
557,have,8
558,middle,1
559,pack,1
560,hinder,1
561,constant,3
562,shitty,2
563,draft,3
564,succeed,1
565,title,9
566,sorry,1
567,isnt,2
568,auccess,1
569,lmao,1
570,cant,5
571,guy,9
572,change,5
573,ur,1
574,mind,3
575,moment,4
576,allow,2
577,wonder,4
578,use,6
579,strength,1
580,open,2
581,freely,1
582,explicitly,1
583,order,1
584,spanish,1
585,jin,1
586,air,1
587,idea,5
588,what,2
589,active,1
590,reader,1
591,particepent,1
592,consensus,1
593,run,3
594,pan,1
595,upvotes,2
596,match,4
597,etc,1
598,ability,2
599,clearly,4
600,case,5
601,unfortunately,2
602,does,10
603,unknown,1
604,funnier,1
605,exact,2
606,kobbe,18
607,thats,3
608,sandbag,1
609,ultra,1
610,instinct,1
611,hate,5
612,video,4
613,shot,2
614,bb,2
615,ruin,1
616,statement,3
617,screenshot,1
618,mislead,1
619,bullshit,4
620,besides,4
621,leavingthat,1
622,bill,1
623,answer,3
624,average,8
625,small,3
626,arguable,1
627,probably,6
628,name,3
629,lcs,7
630,finalshttps,2
631,foog,1
632,spoilercloudvsteamsolomidnalcsfinal,1
633,blunder,2
634,mesh,1
635,become,5
636,unshackled,1
637,unstopable,1
638,yeah,2
639,badly,2
640,forreal,1
641,cohesion,1
642,truly,1
643,official,1
644,enviroment,1
645,toxic,3
646,fuck,7
647,individually,4
648,least,8
649,however,3
650,flyquest,1
651,chunk,1
652,stint,1
653,except,4
654,are,11
655,rewrite,2
656,propably,1
657,bottom,1
658,adc,7
659,picture,1
660,reliant,1
661,role,4
662,jungle,3
663,worst,3
664,speak,1
665,neither,1
666,championship,1
667,senna,2
668,versatility,1
669,playstylealso,1
670,group,5
671,til,1
672,end,6
673,care,2
674,embrace,1
675,fanbase,1
676,appreciate,1
677,mroe,1
678,stand,2
679,behind,3
680,personally,1
681,respect,1
682,hope,4
683,will,4
684,continue,1
685,beat,1
686,undefeated,2
687,knock,3
688,recognize,1
689,pattern,1
690,coincedence,1
691,possibly,4
692,performing,3
693,member,2
694,entirety,2
695,judge,5
696,base,1
697,remind,1
698,loss,1
699,were,2
700,slighest,1
701,solo,5
702,bcxhp,1
703,teamliquidvsteamsolomidlcsspring,1
704,shock,1
705,amount,3
706,compare,4
707,hot,2
708,randomly,2
709,day,4
710,regi,7
711,despite,3
712,businessman,1
713,unwilling,1
714,accept,1
715,fact,4
716,wash,2
717,integral,1
718,ive,2
719,breathe,1
720,neck,1
721,lecture,1
722,collegiate,1
723,silver,1
724,rank,2
725,diamond,1
726,legit,2
727,positioning,4
728,mechanic,1
729,capable,2
730,anyones,1
731,seriously,2
732,absolute,3
733,dogshit,1
734,actual,1
735,analysis,1
736,upvoted,1
737,stupid,1
738,circlejerks,1
739,dae,1
740,xd,2
741,circlejerk,1
742,especially,3
743,oldest,1
744,sub,4
745,havent,1
746,recently,1
747,reuse,1
748,forever,2
749,origen,3
750,line,1
751,row,1
752,lastly,1
753,success,2
754,weight,1
755,mithys,1
756,hit,2
757,clutch,1
758,sound,1
759,kid,1
760,charge,1
761,http,4
762,youtube,1
763,watchvhzjpgncftmsi,1
764,forth,1
765,motivate,1
766,elsewhere,1
767,niels,2
768,unstoppable,1
769,arcane,1
770,shift,1
771,stats,6
772,guys,1
773,declare,2
774,ironically,1
775,eg,5
776,sample,1
777,size,1
778,obv,1
779,xbmight,1
780,focus,5
781,rather,2
782,strong,3
783,overhype,1
784,critic,1
785,showing,2
786,fairly,1
787,common,3
788,horror,1
789,tend,2
790,perpetrate,1
791,illusion,1
792,constantly,3
793,dislike,1
794,baylife,2
795,era,1
796,dyrus,1
797,dig,2
798,ordinary,1
799,caster,1
800,biased,1
801,analyst,1
802,teddy,1
803,minute,4
804,hardly,1
805,happy,1
806,finally,3
807,smurfing,1
808,criticism,1
809,glad,3
810,recognise,1
811,dishonest,2
812,revise,2
813,history,4
814,bio,1
815,wont,1
816,call,2
817,incorrect,2
818,opinion,3
819,damn,2
820,hence,4
821,pob,1
822,next,3
823,home,2
824,grow,1
825,talent,2
826,hear,2
827,flexible,1
828,ad,4
829,margin,1
830,pure,2
831,shi,1
832,pain,1
833,united,2
834,hurt,1
835,alexis,1
836,sanchez,1
837,di,1
838,maria,1
839,lukaku,1
840,rediscover,1
841,thier,2
842,form,2
843,ed,1
844,woodward,1
845,po,1
846,result,1
847,monster,1
848,immortal,4
849,lineup,1
850,noticeable,1
851,exception,1
852,significantly,3
853,bounce,1
854,pressure,3
855,brand,1
856,im,4
857,lie,1
858,unless,2
859,highlight,1
860,clue,1
861,improve,2
862,contest,1
863,three,2
864,region,1
865,die,4
866,trophy,2
867,countwildturtle,1
868,multiple,3
869,counti,1
870,grab,1
871,straw,1
872,management,4
873,teams,1
874,vs,2
875,cg,2
876,regular,4
877,varus,1
878,tahm,1
879,kench,1
880,melee,1
881,range,1
882,turret,1
883,auto,1
884,begin,3
885,reverse,1
886,sweep,1
887,iirc,1
888,chalk,1
889,simple,3
890,dark,3
891,art,1
892,phase,2
893,nobody,2
894,suppose,2
895,together,1
896,xmithie,1
897,upgrade,2
898,suppress,1
899,machine,1
900,underperforming,1
901,original,1
902,relevant,1
903,feasible,1
904,significant,1
905,disparity,1
906,although,1
907,soul,2
908,full,2
909,swing,1
910,expect,7
911,value,3
912,roof,1
913,face,3
914,beyond,2
915,ceiling,1
916,class,2
917,bot,4
918,laners,2
919,lane,6
920,require,3
921,resource,5
922,rotate,1
923,competitive,1
924,float,1
925,ok,4
926,organization,1
927,fix,2
928,adjust,1
929,crown,1
930,rest,2
931,melt,1
932,twice,1
933,enemy,1
934,fight,4
935,cooldowns,1
936,aphelious,2
937,ult,5
938,youtu,3
939,fglefjgpkqt,2
940,hey,1
941,pr,1
942,podcast,1
943,spica,1
944,include,2
945,worth,1
946,note,1
947,map,3
948,toughest,1
949,worlds,2
950,albeit,1
951,shat,1
952,bed,2
953,watched,1
954,sum,1
955,ults,1
956,hourglass,1
957,serious,1
958,effort,1
959,embodiment,1
960,choke,1
961,unlike,3
962,fglefjgpkqthttps,1
963,europe,1
964,bunch,1
965,ape,2
966,emotional,1
967,fully,1
968,bashing,1
969,old,1
970,rival,1
971,ffs,1
972,scratch,1
973,head,3
974,previously,1
975,euw,4
976,orgs,1
977,potentially,2
978,dardochs,2
979,jg,2
980,reckon,1
981,herald,1
982,general,1
983,okay,1
984,compete,1
985,argument,1
986,center,1
987,validity,1
988,higher,5
989,completely,3
990,estimation,1
991,biofrosts,1
992,hominem,1
993,anywhere,1
994,accomplishment,1
995,affect,1
996,travis,1
997,biggest,1
998,typical,1
999,silicon,1
1000,valley,1
1001,techie,1
1002,similair,1
1003,aphelios,4
1004,bet,1
1005,learn,1
1006,flash,2
1007,specific,2
1008,oversight,1
1009,design,1
1010,cause,2
1011,beg,3
1012,maintain,1
1013,finish,1
1014,standout,1
1015,preformances,1
1016,standard,3
1017,pride,1
1018,already,3
1019,ggs,1
1020,hauntzers,1
1021,squad,1
1022,semifinal,1
1023,risk,3
1024,averse,2
1025,korean,1
1026,clean,1
1027,aggressive,1
1028,imo,2
1029,anytime,1
1030,extsm,1
1031,hasnt,1
1032,loaded,1
1033,third,3
1034,fourth,2
1035,four,1
1036,proceed,1
1037,safe,1
1038,solely,1
1039,large,1
1040,number,1
1041,ezreal,2
1042,trash,2
1043,removal,1
1044,klepto,1
1045,immobile,1
1046,realize,2
1047,check,3
1048,xayah,2
1049,huge,2
1050,meta,1
1051,feather,1
1052,storm,1
1053,direction,1
1054,catch,3
1055,infuriate,1
1056,hellbent,1
1057,plenty,1
1058,played,1
1059,feed,1
1060,inted,1
1061,surprise,1
1062,oh,1
1063,you,5
1064,goalpost,1
1065,hardest,1
1066,prefer,1
1067,revising,1
1068,calibrum,1
1069,snipe,1
1070,splash,1
1071,gravitum,1
1072,runaans,1
1073,bang,1
1074,pop,1
1075,should,2
1076,marked,1
1077,ornn,1
1078,int,1
1079,mode,1
1080,ram,1
1081,free,1
1082,pas,1
1083,proof,1
1084,understand,3
1085,sidegrade,1
1086,sedit,1
1087,clarify,1
1088,definetly,1
1089,weak,3
1090,doubt,1
1091,laning,3
1092,meh,1
1093,paper,2
1094,playoffs,1
1095,invincible,1
1096,corejj,1
1097,excite,1
1098,ahead,1
1099,screen,1
1100,licorice,2
1101,tweet,1
1102,simply,1
1103,series,4
1104,gauntlet,1
1105,kinda,2
1106,couple,1
1107,recovered,1
1108,roster,3
1109,suitable,1
1110,peter,1
1111,zhang,1
1112,consultant,1
1113,tsma,1
1114,deservingly,1
1115,conversation,1
1116,defend,1
1117,please,1
1118,bind,1
1119,tbh,1
1120,mightve,1
1121,clear,3
1122,weakness,1
1123,enter,1
1124,scene,2
1125,wave,3
1126,norskeren,4
1127,trendy,1
1128,shine,1
1129,contention,1
1130,pair,1
1131,food,1
1132,thought,1
1133,hater,1
1134,splyce,3
1135,notch,1
1136,knack,1
1137,unable,1
1138,utilize,1
1139,properly,2
1140,vocal,1
1141,vary,1
1142,dead,2
1143,murder,1
1144,miss,1
1145,bigger,2
1146,zoe,1
1147,poke,1
1148,ez,1
1149,protect,1
1150,vision,1
1151,possible,1
1152,trinity,1
1153,iceborn,1
1154,vulnerable,1
1155,short,1
1156,coming,1
1157,prepare,2
1158,packed,1
1159,deal,4
1160,bjer,2
1161,outdated,1
1162,view,2
1163,stall,2
1164,late,2
1165,shotcall,1
1166,exteammates,1
1167,personality,1
1168,ethic,4
1169,approach,1
1170,decide,3
1171,vibe,1
1172,company,1
1173,employee,1
1174,overtime,1
1175,stress,1
1176,working,1
1177,outside,2
1178,ofc,1
1179,close,2
1180,door,3
1181,turnover,1
1182,branding,1
1183,per,1
1184,kingdom,1
1185,dedicated,1
1186,western,1
1187,dude,1
1188,commit,1
1189,job,1
1190,grind,2
1191,soloq,1
1192,possessed,1
1193,madman,1
1194,situation,2
1195,break,1
1196,crazy,1
1197,ultimate,3
1198,gaslighter,2
1199,negative,3
1200,atmosphere,2
1201,superficial,2
1202,aspect,2
1203,metric,2
1204,exemplary,2
1205,table,2
1206,fragile,2
1207,ego,2
1208,victim,2
1209,mentality,2
1210,overcome,2
1211,childhood,2
1212,experience,3
1213,baffling,2
1214,allin,2
1215,laner,4
1216,unlucky,2
1217,mental,2
1218,boom,2
1219,reapered,2
1220,logic,1
1221,denominator,2
1222,chronic,1
1223,others,1
1224,courtesy,1
1225,specially,1
1226,person,2
1227,friend,1
1228,reasonable,1
1229,evil,2
1230,mastermind,2
1231,extra,1
1232,happens,1
1233,half,1
1234,spout,1
1235,debatable,1
1236,express,1
1237,perfectly,1
1238,demand,2
1239,package,2
1240,wish,1
1241,replace,1
1242,outclassed,1
1243,rekkles,3
1244,massively,1
1245,hylisang,1
1246,froggen,1
1247,several,2
1248,dignitas,1
1249,buy,1
1250,retrospect,1
1251,easily,1
1252,perkz,1
1253,fnc,2
1254,pool,1
1255,consistency,1
1256,stuff,1
1257,realise,1
1258,nisqy,1
1259,blabber,1
1260,vulcan,1
1261,second,2
1262,across,1
1263,playing,1
1264,basic,1
1265,macro,2
1266,notable,1
1267,error,2
1268,useless,1
1269,nonamerican,1
1270,awful,1
1271,eika,1
1272,due,1
1273,anybody,3
1274,mispositioned,1
1275,negates,1
1276,flaw,1
1277,mispositioning,1
1278,adrian,1
1279,healing,1
1280,shield,1
1281,course,2
1282,dpm,3
1283,previous,1
1284,blowing,1
1285,edge,1
1286,xbeven,1
1287,harder,1
1288,directly,1
1289,aim,1
1290,sole,1
1291,uzi,1
1292,ruler,1
1293,achieve,1
1294,highest,4
1295,dmg,1
1296,device,1
1297,impressive,1
1298,fast,2
1299,itd,1
1300,slow,2
1301,snowball,3
1302,word,1
1303,context,1
1304,evaluate,1
1305,shake,1
1306,expectation,4
1307,trust,1
1308,impossible,1
1309,par,1
1310,swap,1
1311,decision,1
1312,expose,1
1313,renew,1
1314,bro,1
1315,double,1
1316,cody,2
1317,similar,1
1318,victor,1
1319,ca,1
1320,outscaled,1
1321,promos,1
1322,promotion,1
1323,vladimir,1
1324,tool,1
1325,slip,2
1326,exhaust,1
1327,afraid,1
1328,ham,2
1329,often,2
1330,heavily,1
1331,punish,1
1332,absurdly,1
1333,willing,2
1334,translate,1
1335,individuel,1
1336,resistent,1
1337,hype,1
1338,figure,1
1339,horse,1
1340,limping,1
1341,donkey,1
1342,complain,1
1343,jensen,1
1344,threat,1
1345,reflect,1
1346,trashtalk,1
1347,apart,1
1348,winrecord,1
1349,sneaky,14
1350,greatest,1
1351,produce,1
1352,csm,5
1353,comparison,1
1354,sun,1
1355,summerno,1
1356,offense,1
1357,lowtier,1
1358,may,2
1359,substantial,1
1360,toptier,1
1361,csd,4
1362,csdmailtocsd,1
1363,gol,2
1364,gghttps,1
1365,gg,7
1366,nd,1
1367,receive,1
1368,meme,1
1369,popularize,1
1370,teamfights,1
1371,truth,1
1372,recency,1
1373,bias,1
1374,mechanical,3
1375,regard,1
1376,prowess,1
1377,insane,1
1378,que,1
1379,op,6
1380,summoner,6
1381,usernameczvenhttps,1
1382,usernameczven,1
1383,usernamecsneakyhttps,1
1384,usernamecsneaky,1
1385,smurf,1
1386,gun,1
1387,account,1
1388,usernameczvnhttps,1
1389,usernameczvn,1
1390,chemistry,1
1391,future,1
1392,tldr,1
1393,mishap,1
1394,decade,1
1395,trophyless,1
1396,suicide,1
1397,attack,1
1398,sort,1
1399,forlorn,1
1400,house,2
1401,empty,1
1402,save,1
1403,owner,1
1404,sons,1
1405,shoulder,1
1406,sad,1
1407,eye,3
1408,walk,2
1409,reginald,1
1410,rechecks,1
1411,address,1
1412,gift,1
1413,deep,3
1414,breath,1
1415,sidewalk,1
1416,gasp,1
1417,womans,1
1418,beauty,1
1419,breathless,1
1420,enters,1
1421,hall,1
1422,staircase,1
1423,cellar,1
1424,darkness,1
1425,chair,1
1426,men,1
1427,confuse,1
1428,raise,1
1429,meet,1
1430,bjergens,1
1431,gaze,1
1432,price,1
1433,pay,1
1434,gladly,1
1435,nod,1
1436,sacrifice,1
1437,man,1
1438,sit,1
1439,human,2
1440,housing,1
1441,void,1
1442,window,1
1443,forbidden,1
1444,technology,1
1445,butthole,1
1446,broken,1
1447,english,1
1448,readyyes,1
1449,cs,1
1450,unison,1
1451,nas,1
1452,road,1
1453,cup,1
